<images>
  <image name="nuf">
    <fullname>Novel Updates Forum</fullname>
    <align>center</align>
  </image>
  <image name="shin">
    <fullname>Holyshin</fullname>
    <align>left</align>
  </image>
  <image name="parth">
    <fullname>Parth37995</fullname>
    <align>right</align>
  </image>
  <image name="Electro">
    <fullname>Electromaster</fullname>
    <align>left</align>
  </image>
  <image name="tony">
    <fullname>Tony</fullname>
    <align>left</align>
  </image>
  <image name="nom">
    <fullname>Nom de Plume</fullname>
    <align>left</align>
  </image>
  <image name="shio">
    <fullname>Shio</fullname>
    <align>right</align>
  </image>
  <image name="casul">
    <fullname>Casul Reader</fullname>
    <align>center</align>
  </image>
  <image name="west">
    <fullname>Westeller</fullname>
    <align>center</align>
  </image>
</images>
