<images>
  <image name="nuf">
    <fullname>Novel Updates Forum</fullname>
    <align>center</align>
  </image>
  <image name="shin">
    <fullname>Holyshin</fullname>
    <align>left</align>
  </image>
  <image name="parth">
    <fullname>Parth37995</fullname>
    <align>right</align>
  </image>
  <image name="Electro">
    <fullname>Electromaster</fullname>
    <align>left</align>
  </image>
  <image name="tony">
    <fullname>Tony</fullname>
    <align>left</align>
  </image>
  <image name="nom">
    <fullname>Nom de Plume</fullname>
    <align>left</align>
  </image>
  <image name="shio">
    <fullname>Shio</fullname>
    <align>right</align>
  </image>
  <image name="casul">
    <fullname>Casul Reader</fullname>
    <align>center</align>
  </image>
  <image name="west">
    <fullname>Westeller's Bite</fullname>
    <align>center</align>
  </image>
  <image name="ghost">
    <fullname>Ghastly Family</fullname>
    <align>center</align>
  </image>
  <image name="charizard">
    <fullname>Mega Charizard</fullname>
    <align>right</align>
  </image>
  <image name="pikachu">
    <fullname>Pikachu</fullname>
    <align>center</align>
  </image>
  <image name="eevee">
    <fullname>Eeveelutions</fullname>
    <align>center</align>
  </image>
  <image name="bh1">
    <fullname>Kanzaki Misuzu</fullname>
    <align>left</align>
  </image>
  <image name="ch">
    <fullname>Mira</fullname>
    <align>center</align>
  </image>
  <image name="dd1">
    <fullname>Duke's Diary</fullname>
    <align>left</align>
  </image>
  <image name="dd2">
    <fullname>Iris</fullname>
    <align>right</align>
  </image>
  <image name="dd3">
    <fullname>Duke's Diary</fullname>
    <align>center</align>
  </image>
  <image name="dd4">
    <fullname>Iris</fullname>
    <align>right</align>
  </image>
  <image name="dd5">
    <fullname>Duke's Diary</fullname>
    <align>left</align>
  </image>
  <image name="dd6">
    <fullname>Duke's Diary</fullname>
    <align>right</align>
  </image>  
  <image name="live">
    <fullname>Kisshouin Reika</fullname>
    <align>right</align>
  </image>    
  <image name="sl0">
    <fullname>I’ll Live My Second Life!</fullname>
    <align>right</align>
  </image>
  <image name="sl1">
    <fullname>I’ll Live My Second Life!</fullname>
    <align>right</align>
  </image>
  <image name="sl2">
    <fullname>I’ll Live My Second Life!</fullname>
    <align>left</align>
  </image>
  <image name="sl3">
    <fullname>I’ll Live My Second Life!</fullname>
    <align>left</align>
  </image>
  <image name="sl4">
    <fullname>I’ll Live My Second Life!</fullname>
    <align>right</align>
  </image>
  <image name="sorry">
    <fullname>I've Been Reincarnated</fullname>
    <align>center</align>
  </image> 
</images>
