<songs>
  <song name="loop_EVE">
    <title>©OOL JAPAN - EVE feat,girl jpeg</title>
    <source>http://maltinerecords.cs8.biz/release/141/05.mp3</source>
    <rhythm>o.:.x.:.o..:x.:.o:.:x:.~........o.:.x...o:.:x...o.::x:.~........o..:x.:.o:.:x...o.::x:::o:.:x...o.:.x:.:o..:x.:.o:..x...o..:x.:.</rhythm>
  </song>
  <song name="loop_CaroloftheBells">
    <title>Sauniks - Carol of the Bells</title>
    <source>https://soundcloud.com/sauniks/carol-of-the-bells-2014-edit</source>
    <rhythm>o.:.:.:.:.:.x.-.-.-.-.-.o.:.:.:.:.:.x.:.:.:.:.:.o.:.:.:.:.:.x.||||||||||o.:.:.:.:.:.x.:.:.:.:.:.o.:.:.:.:.:.x.-.-.-.-.-.o.:.:.:.:.:.x.:.:.:.:.:.o.:.:.:.:.:.x.-.-.-.-.*.o.:.:.:.:.o.x.o.:.o.:.o.o.:.:.:.:.:.x.-.-.-.-.-.o.:.:.:.:.:.x.:.:.:.:.:.o.:.:.:.:.:.x.||||||||||o.:.:.:.:.:.x.:.:.:.:.:.o.:.:.:.:.:.x.-.-.-.-.-.o.:.:.:.:.:.x.:.:.:.:.:.o.:.:.:.:.:.x.-.-.-.-.*.o.:.:.:.:.o.x.o.:.x.x.x.</rhythm>
    <buildup>build_CaroloftheBells</buildup>
    <buildupRhythm>o...:.:.:...x...:.:.:...:...:.:.:...x...:.:.:...:...:.:.:...x...:.:.:...:...:.:.:...+...........</buildupRhythm>
  </song>
  <song name="loop_SleighRide">
    <title>Bootsy Collins - Sleigh Ride</title>
    <source>https://www.youtube.com/watch?v=c8169fFRg0s</source>
    <rhythm>o.......x.......o...o.o.x.......o.......x.......o...o.o.x.......o.......x.......o...o.o.x.......o.......x.......o...o.o.x...-.-.o.......x.......o.......x...o...o.......x...-.-.o.......x.......o.......x...o...o.......x...o...o.......x...o.o.o.---.-.x.-.-.-.</rhythm>
  </song>
  <song name="loop_deck">
    <title>Alcatraz - Deck the Dubstep</title>
    <source>https://soundcloud.com/alcatraz_music/deck-the-dubstep-deck-the</source>
    <rhythm>o.......x.-.-.o...o...o.x...o.o.o.......x~......o.....o.x*******o.......x.-.-.o...o...o.x...o.o.o.......x~......o.....o.x-------o.....o.x.-.-.oox.o.x.o.o~......o.......x~......o.....o.x+x+x+x+o:::::::x:::::o:::o:::o:xxoox:o:o:::::::x~......o::o::o:x..x..+.</rhythm>
    <buildup>build_deck</buildup>
    <buildupRhythm>+...</buildupRhythm>
  </song>
  <song name="loop_wizardsinwinter">
    <title>Trans-Siberian Orchestra - Wizards In Winter (Instrumental)</title>
    <source>https://www.youtube.com/watch?v=tOh1vwJsSFg</source>
    <rhythm>o.:...o..o.:....:.o.:....o.o.:...:..o.:....o.o.:....:.x.:..:.:.:.:..:.:.o.:....o.o.:....:.o.:....o.o.:....:.o..:...o.o..:...:.x..:.:.:.:..:.:.:.x....x...o....x....o...x.o.o....x....o...x....o...x...x..:.:..:.:.:.:.:.x....x....o...x....o...x.o..o...x....o...x....o...x....x.....:..:.:.:.:..x......:.:.:..:.:.x......x.x......x.x....x...x....xoooo::::x:::o::::x:::o::::x:o:o::::x:::o::::x:::o::::x:::x..:.:.:.:..:.:.:.x::::x:::o::::x:::o::::x:o:o::::x:::o::::x::::o:::x:::x......:.:..:.:.:..x......:.:.:.:.:..x......x.x......x.x...:....:...:....:...:....:...:....</rhythm>
  </song>
  <song name="loop_SugarPlumFairy">
    <title>August Burns Red - Dance of the Sugar Plum Fairy</title>
    <source>https://www.youtube.com/watch?v=6xMcMScOAJ0</source>
    <rhythm>-.-.-.x.:.:.-.-.-.x.:.:.-.-.-.x.:.:.-.-.-.x.:.:.-.-.-.x.:.:.-.-.-.x.:.:.:.xxxxx.:.:.x.x.:.:.x.x.:.:.o.x...o.o...o.x...o.o...o.x...o.o...o.x...o.o...o.x...o.o...o.x...o.o...o.x...o.o.x.x.x.x.x.x.x.:.x.:.:.x.:.:.x.:.:.x.:.:.x.:.:.x.:.:.x.:.:.x.:.:.x.:.:.x.:.:.x.:.:.x.xxxxxx:.-.-.-.-.-.x.x.</rhythm>
    <buildup>build_SugarPlumFairy</buildup>
    <buildupRhythm>o.o.o.......-.-.-.......-.-.-.......x.x.x.x.x.x.o.....o.....o.....o.....o.x.x.x.xxx.x.x.x.|.|.|.</buildupRhythm>
  </song>
  <song name="loop_Goodbye">
    <title>Rogue - Goodbye (Winter Chords)</title>
    <source>http://music.monstercat.com/track/goodbye-winter-chords</source>
    <rhythm>o...x...o...x...o...x...o...x.o.o...x...o...x...o...x...o...x.o.o...x...o...x...o...x...o...x.o.o...x...o...x...o.......x....‑‑‑o.......x.....+.=.+.=.+.=.+.=.+.=.......x.....o.o...:.:.x..:..:.o...x...o...x...o...x...o...x.o.o...x...o...x...o...o.o.x..o..o.</rhythm>
    <buildup>build_Goodbye</buildup>
    <buildupRhythm>o...O...O...O...o...O...O...O.:.o...O...O...O...o...O...O...O...o...O...O...O...o...O...O...O.:.‑...‑...‑...‑...+...........x‑‑‑</buildupRhythm>
  </song>
  	<song name="spectrum_loop">
		<title>Zedd - Spectrum (ft. Matthew Koma)</title>
		<source>https://soundcloud.com/zedd/spectrum</source>
		<rhythm>x.......x.......x.......x.......x.....-.x.o.-.o.x...:...x.......o...o...x.-...-.o...x...x.-.....x...x...x:-:-:-:x:-:-:-:x.......x.....o.x...o...x.....o.x...o...x.....-.x.o.-.o.x.-.o.-.x.......o...o...x.-...-.o...x...x.-...-.o...:...o...:...o.......x.......x.......x.......x.......x.......x.....-.x.o.-.o.x...:...x.......o...o...x.-...-.o...x...x.-.....x...x...x:-:-:-:x:-:-:-:x.......x.....o.x...o...x.....o.x...o...x.....-.x.o.-.o.x.-.o.-.x.......o...o...x.-...-.o...x...x.-...-.o...:...o...:...o.......x.......</rhythm>
		<buildup>spectrum_buildup</buildup>
		<buildupRhythm>+.......................o.......</buildupRhythm>
	</song>
	<song name="arcadia_loop">
		<title>Traveler - Arcadia</title>
		<source>https://soundcloud.com/travelermusic/arcadia</source>
		<rhythm>x.....x:o...---.x...--x-o.x.----x.....x:o...--..x.---.x.o.x.....x.----x:o...----x.......o.x.....x..---x:o...---.x.--.-x.o.x.+...x.....x:o.......x.....x.o.x.....x.....x:o.......x.....x.o.x.....x..---x:o...-.-.x..-----o.x.....x.----x:o...----x...--x.+.......</rhythm>
		<buildup>arcadia_buildup</buildup>
		<buildupRhythm>x.....:.....:.....:.+...........x.....:.+...x.....:.+...o.-.-.-.x.....:.....x.....:.....:.....:.....:.....+.....................</buildupRhythm>
	</song>
		<song name="timeless_loop">
		<title>PrototypeRaptor - Timeless</title>
		<source>https://soundcloud.com/prototyperaptor/prototyperaptor-timeless-free</source>
		<rhythm>x.x.o...x.:.o.-...-.o.o.x.-.o.:.x.x.o...x.:.o.x...x.o.-.x-.:o...x.x.o...x---o.-...-.o.:.x...o...x.x.o.:.x.:.o.:.x.x.o.-.x...ooo.x.x.o...x.:.o.-...-.o.o.x.-.o.:.x.x.o...x.:.o.x...x.o.-.x-.:o...x.x.o...x---o.-...-.o.:.x...o.:.x.x.o.:.x.:.o.:.x.x.o.-.x...o...</rhythm>
		<buildup>timeless_buildup</buildup>
		<buildupRhythm>-.:.:...-.:.:.-...-.:.:.-.-.oox.</buildupRhythm>
	</song>
	<song name="01 I'm Blue Remix">
		<title>I'm Blue Remix</title>
		<rhythm>o.....x.....o.....x.....o.....x.....o.....x..o..o.....x.....o.....x.....o.....x.....o..oooxo.o.o.....x.....o.....x.....o.....x.....o............oo.....x.....o.....x............................</rhythm>
		<source>https://www.youtube.com/watch?v=1VsFz7VCUoA/</source>
		<buildup>02 I'm Blue Remix</buildup>
		<buildupRhythm>|.............o.x.....o.....x...o.....o.x....oo.o.....x.......o.x.......|.|.|.|.|.|.|.|.|.|.|.|.</buildupRhythm>
	</song>
	  <song name="01 Starlight">
		<title>Starlight</title>
		<rhythm>o.......x.......o.....o.x.......o.......x.......o.....o.x...xoooo.......x.......o.....o.x.......o.......x.......o.....o.x...xooo</rhythm>
		<source>https://www.youtube.com/watch?v=PGz_IVRnTtY/</source>
		<buildup>02 Starlight</buildup>
		<buildupRhythm>.....................................................................</buildupRhythm>
	  </song>
	  <song name="01 Lavender Town">
		<title>Lavender Town Remix</title>
		<rhythm>o..........o..x............o.........o..x.....o..o.o.o.........o..x......o......o.........o..x.oooooxoxox.o..........o..x............o.........o..x.....o..o.o.o.........o..x......o......o.........o..x.oooooxoxox.o..........o..x............o.........o..x.....o..o.o.o.........o..x......o......o........o...x.oooooxoxox.o..........o..x............o........o..x......o..o.o.o.........o..x......o......o.........o..x.oooooxoxox......:......:.....:.....</rhythm>
		<source>https://www.youtube.com/watch?v=CGVDLxa_3rI/</source>
		<buildup>02 Lavender Town</buildup>
		<buildupRhythm>o............x..............o............x......o....o.............x.........o..o............x....................................x........</buildupRhythm>
	  </song>
	  <song name="01 Numb">
		<title>Nightcore - Numb</title>
		<rhythm>o...x...o...x...o...x...o...xxx.</rhythm>
		<source>https://www.youtube.com/watch?v=epDQEhmyjak</source>
		<buildup>02 Numb</buildup>
		<buildupRhythm>o...x...o...x...o...x...o....xxx.</buildupRhythm>
	  </song>
	  <song name="01 Dango">
		<title>Dango Daikazoku</title>
		<rhythm>-.-.-....-...-...-...-....-...-...-.-.-....-...-...-............</rhythm>
		<source>https://www.youtube.com/watch?v=Tx90dURU1d8</source>
	  </song>
	  <song name="loop_BlackPanther">
		<title>Crystal Castles - Black Panther</title>
		<source>http://www.youtube.com/watch?v=zQXHAPf5ijQ</source>
		<rhythm>o.:.x.::o.:.x.::o.:.x.::o.:.x.:.o.:.x.::o.:.x.::o.:.x.::o.:.x.:.o.:.x.::o.:.x.::o.:.x.::o.:.x.:.o.:.x.::o.:.x.::o.:.x.::o.:.x.:.</rhythm>
	  </song>
</songs>